{"columns":["Deficit Source MV","High Medium Transfer","Low Medium Transfer","Onshore Wind Power","Car charging Station","Excess Sink MV","Industrial Demand","Medium High Transfer","Medium Low Transfer","Power to Heat"],"index":[1918080000000,1918083600000,1918087200000,1918090800000,1918094400000,1918098000000,1918101600000,1918105200000,1918108800000,1918112400000,1918116000000,1918119600000,1918123200000,1918126800000,1918130400000,1918134000000,1918137600000,1918141200000,1918144800000,1918148400000,1918152000000,1918155600000,1918159200000,1918162800000],"data":[[0.0,-21530.99916,0.0,-61321.041,199.55034,0.0,41420.707,0.0,34579.956,6651.8273],[0.0,-19679.2092,0.0,-57645.374,33.761407,0.0,39808.658,0.0,25675.673,11806.491],[0.0,-20854.971,0.0,-55988.777,23.179135,0.0,40077.333,0.0,22120.867,14622.369],[0.0,-24432.29877,0.0,-52771.444,23.179135,0.0,40077.333,0.0,20636.279,16466.952],[0.0,-25190.67843,0.0,-52130.374,79.617922,0.0,36853.235,0.0,21393.545,18994.654],[0.0,-25431.4917,0.0,-47729.758,93.727619,0.0,36002.431,0.0,24427.32,12637.772],[0.0,-26990.02011,0.0,-43383.064,912.09003,0.0,37927.934,0.0,29254.143,2278.9176],[0.0,-44435.75805,0.0,-43520.864,1698.7056,0.0,43883.56,0.0,42374.356,0.0],[0.0,-58020.42987,0.0,-43664.656,2192.545,0.0,47645.008,0.0,51847.533,0.0],[0.0,-67129.06005,0.0,-36630.859,3473.0,0.0,58750.236,0.0,41536.684,0.0],[0.0,-57285.42762,0.0,-26343.783,3444.7806,0.0,58750.236,0.0,21434.195,0.0],[0.0,-33327.7497,-5472.341805,-25663.769,3250.7723,0.0,61213.088,0.0,0.0,0.0],[0.0,-17294.14515,-19706.51772,-29453.272,3360.1224,0.0,63093.812,0.0,0.0,0.0],[0.0,-13018.03398,-28889.81574,-35624.32,3134.3673,0.0,61750.438,0.0,0.0,12647.364],[0.0,-12406.16466,-30432.8364,-42280.663,2707.5489,0.0,60138.389,0.0,0.0,22273.726],[0.0,-16375.40187,-18844.88109,-44012.151,2234.8741,0.0,59601.039,0.0,0.0,17396.521],[0.0,-23472.9954,0.0,-45315.261,2005.5915,0.0,59869.714,0.0,3319.4264,3593.5244],[0.0,-53098.58715,0.0,-40621.071,1716.3428,0.0,59601.039,0.0,32402.276,0.0],[0.0,-67467.2313,0.0,-39003.418,1758.6718,0.0,61213.088,0.0,43498.889,0.0],[0.0,-69567.12387,0.0,-45599.848,1790.4187,0.0,60944.414,0.0,52432.139,0.0],[0.0,-64210.07835,0.0,-50297.034,1233.0856,0.0,55257.462,0.0,58016.564,0.0],[0.0,-53983.53051,0.0,-54613.772,859.17867,0.0,53600.634,0.0,54137.489,0.0],[0.0,-38829.10611,0.0,-59652.462,509.96367,0.0,47376.333,0.0,50595.271,0.0],[0.0,-23947.32981,0.0,-66599.384,291.26337,0.0,44152.235,0.0,43792.749,2310.4665]]}