{"columns":["High Voltage Grid","Medium Voltage Grid"],"index":[1918080000000,1918083600000,1918087200000,1918090800000,1918094400000,1918098000000,1918101600000,1918105200000,1918108800000,1918112400000,1918116000000,1918119600000,1918123200000,1918126800000,1918130400000,1918134000000,1918137600000,1918141200000,1918144800000,1918148400000,1918152000000,1918155600000,1918159200000,1918162800000],"data":[[-20330.865,20127.55635],[-20350.776,20147.26824],[-21655.032,21438.48168],[-25461.271,25206.65829],[-26249.563,25987.06737],[-26451.368,26186.85432],[-28014.573,27734.42727],[-30000.0,29700.0],[-30000.0,29700.0],[-30000.0,29700.0],[-30000.0,29700.0],[-30000.0,29700.0],[-17174.972,17003.22228],[-13525.09,13389.8391],[-13320.603,13187.39697],[-16956.877,16787.30823],[-24748.214,24500.73186],[-30000.0,29700.0],[-30000.0,29700.0],[-30000.0,29700.0],[-30000.0,29700.0],[-30000.0,29700.0],[-18692.255,18505.33245],[-30000.0,29700.0]]}