{"columns":["BHKW","HKW","Power to Heat","Solar Thermal","District Heating Demand"],"index":[1918080000000,1918083600000,1918087200000,1918090800000,1918094400000,1918098000000,1918101600000,1918105200000,1918108800000,1918112400000,1918116000000,1918119600000,1918123200000,1918126800000,1918130400000,1918134000000,1918137600000,1918141200000,1918144800000,1918148400000,1918152000000,1918155600000,1918159200000,1918162800000],"data":[[-7087.23288,0.0,-14259.793,0.0,21347.026],[-6111.37956,-4811.83368,-13189.044,0.0,24112.258],[-1874.295228,-14334.7248,-15046.383,0.0,31255.403],[-9716.6264,-16600.452,-18665.106,0.0,44982.185],[-11379.17092,-17051.91,-21568.919,0.0,50000.0],[-11907.09104,-20150.9352,-15331.466,0.0,47389.492],[-13513.69708,-26257.1826,-4510.4027,0.0,44281.282],[-13513.69708,-28148.1894,0.0,0.0,41661.886],[-13513.69708,-24877.3668,0.0,-545.58446,38936.648],[-13513.69708,-20609.1234,0.0,-3390.6117,37513.432],[-13513.69708,-15967.4622,0.0,-6921.7363,36402.896],[-13513.69708,-11429.4576,0.0,-10647.34,35590.495],[0.0,-23176.155,0.0,-13147.561,36323.716],[0.0,-16386.624,-6167.9067,-14343.239,36897.769],[0.0,-11178.8976,-14669.618,-13322.844,39171.36],[0.0,-13025.4246,-17396.521,-11114.304,41536.249],[-7772.99068,-21851.2854,-5156.5428,-7818.7013,42599.52],[-13513.69708,-25900.6248,0.0,-3773.3908,43187.713],[-13513.69708,-28725.7488,0.0,-416.63124,42656.077],[-13513.69708,-24899.799,0.0,0.0,38413.496],[-13513.69708,-16596.4278,0.0,0.0,30110.125],[-13513.69708,-9286.035,0.0,0.0,22799.732],[-12619.00432,0.0,-5888.0534,0.0,18507.057],[-1686.361248,0.0,-18097.672,0.0,19784.033]]}