{"columns":["Medium Voltage Grid","Low Voltage Grid"],"index":[1918080000000,1918083600000,1918087200000,1918090800000,1918094400000,1918098000000,1918101600000,1918105200000,1918108800000,1918112400000,1918116000000,1918119600000,1918123200000,1918126800000,1918130400000,1918134000000,1918137600000,1918141200000,1918144800000,1918148400000,1918152000000,1918155600000,1918159200000,1918162800000],"data":[[-30000.0,29700.0],[-24119.571,23878.37529],[-20780.209,20572.40691],[-19385.595,19191.73905],[-20096.967,19895.99733],[-22946.877,22717.40823],[-27481.164,27206.35236],[-27638.598,27362.21202],[-23527.102,23291.83098],[-4107.6239,4066.547661],[0.0,0.0],[0.0,0.0],[0.0,0.0],[0.0,0.0],[0.0,0.0],[0.0,0.0],[-3118.249,3087.06651],[-9003.6889,8913.652011],[-5731.6574,5674.340826],[-12565.016,12439.36584],[-23506.486,23271.42114],[-29853.959,29555.41941],[-30000.0,29700.0],[-30000.0,29700.0]]}