{"columns":["Low Voltage Grid","Medium Voltage Grid"],"index":[1918080000000,1918083600000,1918087200000,1918090800000,1918094400000,1918098000000,1918101600000,1918105200000,1918108800000,1918112400000,1918116000000,1918119600000,1918123200000,1918126800000,1918130400000,1918134000000,1918137600000,1918141200000,1918144800000,1918148400000,1918152000000,1918155600000,1918159200000,1918162800000],"data":[[0.0,0.0],[0.0,0.0],[0.0,0.0],[0.0,0.0],[0.0,0.0],[0.0,0.0],[0.0,0.0],[0.0,0.0],[0.0,0.0],[0.0,0.0],[0.0,0.0],[-9192.0113,9100.091187],[-21189.804,20977.90596],[-30000.0,29700.0],[-30000.0,29700.0],[-20263.313,20060.67987],[0.0,0.0],[0.0,0.0],[0.0,0.0],[0.0,0.0],[0.0,0.0],[0.0,0.0],[0.0,0.0],[0.0,0.0]]}