{"columns":["Deficit Source HV","GuD","HKW","HKW2","Medium High Transfer","Offshore Wind Power","Excess Sink HV","High Medium Transfer"],"index":[1918080000000,1918083600000,1918087200000,1918090800000,1918094400000,1918098000000,1918101600000,1918105200000,1918108800000,1918112400000,1918116000000,1918119600000,1918123200000,1918126800000,1918130400000,1918134000000,1918137600000,1918141200000,1918144800000,1918148400000,1918152000000,1918155600000,1918159200000,1918162800000],"data":[[0.0,0.0,0.0,0.0,0.0,-17273.533,0.0,17273.533],[0.0,0.0,-1924.733472,0.0,0.0,-16238.133,0.0,18162.867],[0.0,0.0,-5733.88992,0.0,0.0,-15771.486,0.0,21505.376],[0.0,0.0,-6640.1808,0.0,0.0,-14865.196,0.0,21505.376],[0.0,0.0,-6820.764,0.0,0.0,-14684.612,0.0,21505.376],[0.0,0.0,-8060.37408,0.0,0.0,-13445.002,0.0,21505.376],[0.0,0.0,-10502.87304,0.0,0.0,-12220.581,1218.078,21505.376],[0.0,0.0,-11259.27576,0.0,0.0,-12259.398,2013.2977,21505.376],[0.0,0.0,-9950.94672,0.0,0.0,-12299.903,745.47329,21505.376],[0.0,0.0,-8243.64936,-2943.174947,0.0,-10318.552,0.0,21505.376],[0.0,0.0,-6386.98488,-7697.60759,0.0,-7420.7839,0.0,21505.376],[0.0,0.0,-4571.78304,-9704.36255,0.0,-7229.2308,0.0,21505.376],[0.0,0.0,-9270.462,-1028.696869,0.0,-8296.6963,0.0,18595.855],[0.0,0.0,-6554.6496,0.0,0.0,-10035.02,0.0,16589.669],[0.0,0.0,-4471.55904,0.0,0.0,-11910.046,0.0,16381.605],[0.0,0.0,-5210.16984,0.0,0.0,-12397.789,0.0,17607.959],[0.0,0.0,-8740.51416,0.0,0.0,-12764.862,0.0,21505.376],[0.0,0.0,-10360.24992,0.0,0.0,-11442.555,297.42876,21505.376],[0.0,0.0,-11490.29952,0.0,0.0,-10986.878,971.80138,21505.376],[0.0,0.0,-9959.9196,0.0,0.0,-12845.028,1299.571,21505.376],[0.0,0.0,-6638.57112,-698.626762,0.0,-14168.179,0.0,21505.376],[0.0,0.0,-3714.414,-2406.801418,0.0,-15384.161,0.0,21505.376],[0.0,0.0,0.0,0.0,0.0,-16803.51,0.0,16803.51],[0.0,0.0,0.0,0.0,0.0,-18760.39,0.0,18760.39]]}