{"columns":["BHKW","Deficit Source LV","Medium Low Transfer","Solar Panel","Commercial Demand","Excess Sink LV","Household Demand","Low Medium Transfer"],"index":[1918080000000,1918083600000,1918087200000,1918090800000,1918094400000,1918098000000,1918101600000,1918105200000,1918108800000,1918112400000,1918116000000,1918119600000,1918123200000,1918126800000,1918130400000,1918134000000,1918137600000,1918141200000,1918144800000,1918148400000,1918152000000,1918155600000,1918159200000,1918162800000],"data":[[-4497.66702,-7661.692,-19999.99968,0.0,14408.74108,0.0,17750.61774,0.0],[-3878.37549,0.0,-19999.99968,0.0,12276.93263,0.0,11601.44301,0.0],[-1189.456587,0.0,-19382.95026,0.0,11020.68835,0.0,9551.718094,0.0],[-6166.3206,0.0,-13025.41818,0.0,10316.43021,0.0,8875.308872,0.0],[-7221.39693,0.0,-12674.59986,0.0,11020.68835,0.0,8875.308872,0.0],[-7556.42316,0.0,-15160.98462,0.0,13514.14288,0.0,9203.264858,0.0],[-8576.00007,0.0,-18630.35241,0.0,14580.04711,0.0,12626.30547,0.0],[-8576.00007,-14149.255,-16682.89614,0.0,16369.2435,0.0,23038.90802,0.0],[-8576.00007,-26783.0,-12859.20486,-3788.781,24192.21917,0.0,27814.76707,0.0],[-8576.00007,-34088.816,0.0,-23545.915,38068.00812,0.0,28142.72305,0.0],[-8576.00007,-11357.801,0.0,-48067.613,40371.12262,0.0,27630.29183,0.0],[-8576.00007,0.0,0.0,-73939.864,41265.72081,0.0,26789.90461,14460.238],[0.0,0.0,0.0,-91302.506,41969.97896,0.0,28142.72305,21189.804],[0.0,0.0,0.0,-99605.823,36811.76386,9558.9413,31729.74165,21505.376],[0.0,0.0,0.0,-92519.752,31653.54876,11218.104,28142.72305,21505.376],[0.0,0.0,0.0,-77182.665,32015.19483,0.0,24904.15769,20263.313],[-4932.85947,0.0,0.0,-54296.537,35041.60148,0.0,22342.00155,1845.793],[-8576.00007,-21558.117,0.0,-26204.103,34508.64936,0.0,21829.57033,0.0],[-8576.00007,-47363.7,0.0,-2893.2725,33252.4051,0.0,25580.56692,0.0],[-8576.00007,-44470.635,-2664.464787,0.0,23468.92701,0.0,32242.17288,0.0],[-8576.00007,-32539.373,-12840.03198,0.0,17777.7598,0.0,36177.64471,0.0],[-8576.00007,-23028.683,-18743.18187,0.0,17244.80768,0.0,33103.05734,0.0],[-8008.21428,-19045.388,-19999.99968,0.0,15836.29138,0.0,31217.31042,0.0],[-1070.190792,-19657.065,-19999.99968,0.0,15474.6453,0.0,25252.61092,0.0]]}