{"columns":["Deficit Source MV","High Medium Transfer","Low Medium Transfer","Onshore Wind Power","Car charging Station","Excess Sink MV","Industrial Demand","Medium High Transfer","Medium Low Transfer","Power to Heat"],"index":[1918080000000,1918083600000,1918087200000,1918090800000,1918094400000,1918098000000,1918101600000,1918105200000,1918108800000,1918112400000,1918116000000,1918119600000,1918123200000,1918126800000,1918130400000,1918134000000,1918137600000,1918141200000,1918144800000,1918148400000,1918152000000,1918155600000,1918159200000,1918162800000],"data":[[0.0,-16064.38569,0.0,-61321.041,199.5503445,0.0,41420.7072,0.0,21505.376,14259.793],[0.0,-16891.46631,0.0,-57645.374,33.76140717,0.0,39808.65805,0.0,21505.376,13189.044],[0.0,-19999.99968,0.0,-55988.777,23.17913458,0.0,40077.33291,0.0,20841.882,15046.383],[0.0,-19999.99968,0.0,-52771.444,23.17913458,0.0,40077.33291,0.0,14005.826,18665.106],[0.0,-19999.99968,0.0,-52130.374,79.61792174,0.0,36853.23463,0.0,13628.602,21568.919],[0.0,-19999.99968,0.0,-47729.758,93.72761853,0.0,36002.43091,0.0,16302.134,15331.466],[0.0,-19999.99968,0.0,-43383.064,912.0900324,0.0,37927.93406,0.0,20032.637,4510.4027],[0.0,-19999.99968,0.0,-43520.864,1698.705629,0.0,43883.56006,0.0,17938.598,0.0],[0.0,-19999.99968,0.0,-43664.656,2192.545016,0.0,47645.00807,0.0,13827.102,0.0],[-5592.3761,-19999.99968,0.0,-36630.859,3473.0,0.0,58750.23551,0.0,0.0,0.0],[-15851.233,-19999.99968,0.0,-26343.783,3444.780606,0.0,58750.23551,0.0,0.0,0.0],[-5352.0694,-19999.99968,-13448.02134,-25663.769,3250.772276,0.0,61213.08837,0.0,0.0,0.0],[0.0,-17294.14515,-19706.51772,-29453.272,3360.122426,0.0,63093.81238,0.0,0.0,0.0],[0.0,-15428.39217,-19999.99968,-35624.32,3134.367277,0.0,61750.43809,0.0,0.0,6167.9067],[0.0,-15234.89265,-19999.99968,-42280.663,2707.548949,0.0,60138.38894,0.0,0.0,14669.618],[0.0,-16375.40187,-18844.88109,-44012.151,2234.874107,0.0,59601.03923,0.0,0.0,17396.521],[0.0,-19999.99968,-1716.58749,-45315.261,2005.591534,0.0,59869.71408,0.0,0.0,5156.5428],[-696.31114,-19999.99968,0.0,-40621.071,1716.34275,0.0,59601.03923,0.0,0.0,0.0],[-3968.3426,-19999.99968,0.0,-39003.418,1758.67184,0.0,61213.08837,0.0,0.0,0.0],[0.0,-19999.99968,0.0,-45599.848,1790.418658,0.0,60944.41352,0.0,2865.0159,0.0],[0.0,-19999.99968,0.0,-50297.034,1233.085634,0.0,55257.46236,0.0,13806.486,0.0],[0.0,-19999.99968,0.0,-54613.772,859.1786694,0.0,53600.63407,0.0,20153.959,0.0],[0.0,-15627.2643,0.0,-59652.462,509.9636739,0.0,47376.33321,0.0,21505.376,5888.0534],[0.0,-17447.1627,0.0,-66599.384,291.2633736,0.0,44152.23492,0.0,21505.376,18097.672]]}