{"columns":["Deficit Source HV","GuD","HKW","HKW2","Medium High Transfer","Offshore Wind Power","Excess Sink HV","High Medium Transfer"],"index":[1918080000000,1918083600000,1918087200000,1918090800000,1918094400000,1918098000000,1918101600000,1918105200000,1918108800000,1918112400000,1918116000000,1918119600000,1918123200000,1918126800000,1918130400000,1918134000000,1918137600000,1918141200000,1918144800000,1918148400000,1918152000000,1918155600000,1918159200000,1918162800000],"data":[[0.0,0.0,-5878.07928,0.0,0.0,-17273.533,0.0,23151.612],[0.0,0.0,-4922.30664,0.0,0.0,-16238.133,0.0,21160.44],[0.0,0.0,-6653.21376,0.0,0.0,-15771.486,0.0,22424.7],[0.0,0.0,-11406.09312,0.0,0.0,-14865.196,0.0,26271.289],[0.0,0.0,-12402.13824,0.0,0.0,-14684.612,0.0,27086.751],[0.0,0.0,-13900.68816,0.0,0.0,-13445.002,0.0,27345.69],[0.0,0.0,-16800.94584,0.0,0.0,-12220.581,0.0,29021.527],[0.0,-4800.898322,-16664.75448,-14055.33389,0.0,-12259.398,0.0,47780.385],[0.0,-18331.8074,-15356.42544,-16399.42342,0.0,-12299.903,0.0,62387.559],[0.0,-16810.78032,-8243.64936,-29143.14723,0.0,-10318.552,0.0,64516.129],[0.0,-19599.13212,-11792.46384,-22784.85462,0.0,-7420.7839,0.0,61597.234],[0.0,0.0,-9977.262,-18629.79687,0.0,-7229.2308,0.0,35836.29],[0.0,0.0,-9270.462,-1028.696869,0.0,-8296.6963,0.0,18595.855],[0.0,0.0,-3962.8668,0.0,0.0,-10035.02,0.0,13997.886],[0.0,0.0,-1429.91556,0.0,0.0,-11910.046,0.0,13339.962],[0.0,0.0,-5210.16984,0.0,0.0,-12397.789,0.0,17607.959],[0.0,0.0,-12474.91776,0.0,0.0,-12764.862,0.0,25239.78],[0.0,-14220.88328,-15765.72864,-15666.08852,0.0,-11442.555,0.0,57095.255],[0.0,-18712.71907,-11490.29952,-23326.23236,0.0,-10986.878,0.0,64516.129],[0.0,-15643.01869,-9959.9196,-26068.16305,0.0,-12845.028,0.0,64516.129],[0.0,-14016.07304,-9576.17856,-26755.69908,0.0,-14168.179,0.0,64516.129],[0.0,-5969.54212,-9119.89272,-27573.21121,0.0,-15384.161,0.0,58046.807],[0.0,0.0,-7402.82304,-17545.3932,0.0,-16803.51,0.0,41751.727],[0.0,0.0,-6989.42664,0.0,0.0,-18760.39,0.0,25749.817]]}