{"columns":["Deficit Source MV","High Medium Transfer","Low Medium Transfer","Onshore Wind Power","Car charging Station","Excess Sink MV","Industrial Demand","Medium High Transfer","Medium Low Transfer","Power to Heat"],"index":[1918080000000,1918083600000,1918087200000,1918090800000,1918094400000,1918098000000,1918101600000,1918105200000,1918108800000,1918112400000,1918116000000,1918119600000,1918123200000,1918126800000,1918130400000,1918134000000,1918137600000,1918141200000,1918144800000,1918148400000,1918152000000,1918155600000,1918159200000,1918162800000],"data":[[0.0,-21530.99916,0.0,-61321.041,199.5503445,0.0,41420.7072,0.0,34579.956,6651.8273],[0.0,-19679.2092,0.0,-57645.374,33.76140717,0.0,39808.65805,0.0,25675.673,11806.491],[0.0,-20854.971,0.0,-55988.777,23.17913458,0.0,40077.33291,0.0,22120.867,14622.369],[0.0,-24432.29877,0.0,-52771.444,23.17913458,0.0,40077.33291,0.0,20636.279,16466.952],[0.0,-25190.67843,0.0,-52130.374,79.61792174,0.0,36853.23463,0.0,21393.545,18994.654],[0.0,-25431.4917,0.0,-47729.758,93.72761853,0.0,36002.43091,0.0,24427.32,12637.772],[0.0,-26990.02011,0.0,-43383.064,912.0900324,0.0,37927.93406,0.0,29254.143,2278.9176],[0.0,-44435.75805,0.0,-43520.864,1698.705629,0.0,43883.56006,0.0,42374.356,0.0],[0.0,-58020.42987,0.0,-43664.656,2192.545016,0.0,47645.00807,0.0,51847.533,0.0],[0.0,-59999.99997,0.0,-36630.859,3473.0,0.0,58750.23551,0.0,34407.624,0.0],[0.0,-57285.42762,0.0,-26343.783,3444.780606,0.0,58750.23551,0.0,21434.195,0.0],[0.0,-33327.7497,-5472.341805,-25663.769,3250.772276,0.0,61213.08837,0.0,0.0,0.0],[0.0,-17294.14515,-19706.51772,-29453.272,3360.122426,0.0,63093.81238,0.0,0.0,0.0],[0.0,-13018.03398,-28889.81574,-35624.32,3134.367277,0.0,61750.43809,0.0,0.0,12647.364],[0.0,-12406.16466,-30432.8364,-42280.663,2707.548949,0.0,60138.38894,0.0,0.0,22273.726],[0.0,-16375.40187,-18844.88109,-44012.151,2234.874107,0.0,59601.03923,0.0,0.0,17396.521],[0.0,-23472.9954,0.0,-45315.261,2005.591534,0.0,59869.71408,0.0,3319.4264,3593.5244],[0.0,-53098.58715,0.0,-40621.071,1716.34275,0.0,59601.03923,0.0,32402.276,0.0],[0.0,-59999.99997,0.0,-39003.418,1758.67184,0.0,61213.08837,0.0,36031.657,0.0],[0.0,-59999.99997,0.0,-45599.848,1790.418658,0.0,60944.41352,0.0,42865.016,0.0],[0.0,-59999.99997,0.0,-50297.034,1233.085634,0.0,55257.46236,0.0,53806.486,0.0],[0.0,-53983.53051,0.0,-54613.772,859.1786694,0.0,53600.63407,0.0,54137.489,0.0],[0.0,-38829.10611,0.0,-59652.462,509.9636739,0.0,47376.33321,0.0,50595.271,0.0],[0.0,-23947.32981,0.0,-66599.384,291.2633736,0.0,44152.23492,0.0,43792.749,2310.4665]]}